,Datetime,Tweet Id,Text,Username
0,2022-05-19 21:15:32+00:00,1527397566727561217,@historydefined I think I saw that boss in Elden Ring,elonmusk
1,2022-05-19 21:14:47+00:00,1527397380001234944,https://t.co/UZKs5s6BZJ,elonmusk
2,2022-05-19 18:30:42+00:00,1527356085090545664,"@Astro_Angry Unless it is stopped, the woke mind virus will destroy civilization and humanity will never reached Mars",elonmusk
3,2022-05-19 17:56:22+00:00,1527347447822815232,https://t.co/fdy0nedGMs,elonmusk
4,2022-05-19 17:46:32+00:00,1527344969471520768,https://t.co/4W8COjWv16,elonmusk
5,2022-05-19 17:40:45+00:00,1527343513867735042,Wise words https://t.co/NTGIukXPgM,elonmusk
6,2022-05-19 17:34:23+00:00,1527341913736564755,"Good night, sweet maestro, and flights of angels sing thee to thy rest https://t.co/sqiY8iHS41",elonmusk
7,2022-05-19 17:33:36+00:00,1527341716512002065,@nichegamer A true genius,elonmusk
8,2022-05-19 17:14:32+00:00,1527336918244941838,@ArtLightstone It‚Äôs true haha,elonmusk
9,2022-05-19 16:04:11+00:00,1527319216105619458,@El__Bohemio Indeed,elonmusk
10,2022-05-19 16:03:29+00:00,1527319036966899718,@GailAlfarATX I suggest no parties and just direct voting by the people of concise laws that everyone can understand,elonmusk
11,2022-05-19 15:58:15+00:00,1527317718931677186,"This is what most people in America want, but unfortunately it‚Äôs not realistic. 

Generally, the party with less power (currently Republicans at national level) moves more toward center to win moderate votes, so control of House/Senate/President goes back &amp; forth over time.",elonmusk
12,2022-05-19 15:53:24+00:00,1527316499513622533,@harsimranbansal For sure,elonmusk
13,2022-05-19 15:51:58+00:00,1527316140602494976,"@WholeMarsBlog This is a big one! Expect some two steps forward, one step back situations. These will be great ironed in point releases, hence ~10.12.2 or 10.13 for wider beta release.",elonmusk
14,2022-05-19 15:48:35+00:00,1527315290132185088,A party more moderate on all issues than either Reps or Dems would be ideal,elonmusk
15,2022-05-19 14:48:54+00:00,1527300269100662785,"@redletterdave I was (obv) joking at the time, but fate loves irony!",elonmusk
16,2022-05-19 14:38:57+00:00,1527297765599981574,"Judging by the relentless hatestream from the far left, this tweet was spot on",elonmusk
17,2022-05-19 07:12:07+00:00,1527185313919127553,https://t.co/E1IacL9wfN,elonmusk
18,2022-05-19 07:04:10+00:00,1527183314871885830,@paulg @thehowie Yale getsü•áin wacktivist olympics,elonmusk
19,2022-05-19 06:48:58+00:00,1527179489905717250,@PPathole Yup,elonmusk
20,2022-05-19 05:16:06+00:00,1527156117553483783,What I love most about wacktivists is their incredible sense of humor üëº,elonmusk
21,2022-05-19 05:13:34+00:00,1527155479864123394,@BillyM2k @LucrativeLuApe üçøüßÇüòé,elonmusk
22,2022-05-19 05:01:13+00:00,1527152372413251584,A clear case of wacktivism,elonmusk
23,2022-05-19 04:39:11+00:00,1527146826784296962,Yup https://t.co/0cJUKv9hWl,elonmusk
24,2022-05-19 01:07:03+00:00,1527093444899905536,Another batch of Starlinks reach orbit https://t.co/scNaZPZBux,elonmusk
25,2022-05-19 01:05:07+00:00,1527092956477509634,üòõ üçø,elonmusk
26,2022-05-18 19:39:47+00:00,1527011081960431617,@waitbutwhy üíØ,elonmusk
27,2022-05-18 18:44:21+00:00,1526997132858822658,"In the past I voted Democrat, because they were (mostly) the kindness party.

But they have become the party of division &amp; hate, so I can no longer support them and will vote Republican.

Now, watch their dirty tricks campaign against me unfold ‚Ä¶ üçø",elonmusk
28,2022-05-18 17:50:30+00:00,1526983579707875329,@BillyM2k Pretty much. The dirty tricks attacks will be next-level.,elonmusk
29,2022-05-18 17:16:51+00:00,1526975113597489154,"@thehowie I‚Äôm not surprised at all. That was to inoculate the public. As a prominent vaccine advocate, you should understand that.

Yale is the epicenter of the woke mind virus attempting to destroy civilization.",elonmusk
30,2022-05-18 16:23:46+00:00,1526961753619369987,Despite Tesla doing more for the environment than any company ever! https://t.co/ImxrhnRepj,elonmusk
31,2022-05-18 16:22:38+00:00,1526961470562508802,Political attacks on me will escalate dramatically in coming months,elonmusk
32,2022-05-18 16:21:42+00:00,1526961235979386882,@EvaFoxU @SPGlobalRatings Yes,elonmusk
33,2022-05-18 16:18:50+00:00,1526960512231153664,.@SPGlobalRatings has lost their integrity,elonmusk
34,2022-05-18 16:16:06+00:00,1526959825501962240,@PPathole Exactly,elonmusk
35,2022-05-18 16:14:08+00:00,1526959328795697154,@facts_tesla @AssaadRazzouk @zshahan3 @JohnnaCrider1 @EvaFoxU Insane,elonmusk
36,2022-05-18 16:09:17+00:00,1526958110023245829,"Exxon is rated top ten best in world for environment, social &amp; governance (ESG) by S&amp;P 500, while Tesla didn‚Äôt make the list!

ESG is a scam. It has been weaponized by phony social justice warriors.",elonmusk
37,2022-05-18 16:07:33+00:00,1526957672200908801,"@EricBalchunas ESG is an outrageous scam! 

Shame on @SPGlobal",elonmusk
38,2022-05-18 08:35:54+00:00,1526844011746582529,Even applied 2 urslf,elonmusk
39,2022-05-18 08:00:05+00:00,1526835000259117056,@garyblack00 Or 14 times higher than Twitter‚Äôs 5% in my case ü§®,elonmusk
40,2022-05-18 07:58:30+00:00,1526834598935949312,@garyblack00 So ‚Ä¶ [checks calculator] ‚Ä¶ that would be like 10 times more than 5%,elonmusk
41,2022-05-18 07:43:40+00:00,1526830868345634817,@garyblack00 Interesting,elonmusk
42,2022-05-18 07:27:55+00:00,1526826901838483456,@business https://t.co/qup2NUiOM1,elonmusk
43,2022-05-18 07:15:54+00:00,1526823877724217348,bullsh*t baffles brains,elonmusk
44,2022-05-18 06:35:20+00:00,1526813672382861313,@heydave7 Yes,elonmusk
45,2022-05-18 06:34:09+00:00,1526813371030446082,"@MmeAlexandraS @MoodysInvSvc @SPGlobalRatings @ICannot_Enough @RonMadison11 @garyblack00 Tesla doesn‚Äôt need debt, so the rating doesn‚Äôt impact us, but it is silly",elonmusk
46,2022-05-18 00:41:34+00:00,1526724641976352769,@bennyjohnson Twitter exec trashing free speech &amp; mocking people with Asperger‚Äôs ‚Ä¶,elonmusk
47,2022-05-18 00:26:37+00:00,1526720878276403200,@bennyjohnson @Twitter üòî,elonmusk
48,2022-05-17 22:09:57+00:00,1526686487202254848,"@intelligent_eat Yes, the purpose of AI Day is to convince great AI/software/chip talent to join Tesla",elonmusk
49,2022-05-17 22:05:46+00:00,1526685434910212102,Tesla AI Day #2 on Aug 19. So many cool updates!,elonmusk
50,2022-05-17 18:50:47+00:00,1526636363906437120,@bennyjohnson Is this legit?,elonmusk
51,2022-05-17 16:34:15+00:00,1526602003362750466,"@EvaFoxU Hello @SECGov, anyone home?",elonmusk
52,2022-05-17 16:21:33+00:00,1526598807722549248,"Twitter claims that &gt;95% of daily active users are real, unique humans. Does anyone have that experience?",elonmusk
53,2022-05-17 16:15:17+00:00,1526597232107081728,@cb_doge The audience laughter says it all,elonmusk
54,2022-05-17 15:13:56+00:00,1526581793893277697,@johnrich Absolutely,elonmusk
55,2022-05-17 07:47:18+00:00,1526469394775216128,@PPathole @Teslarati Exactly,elonmusk
56,2022-05-17 07:36:21+00:00,1526466638303969280,@occupymars42069 @paraga Interesting,elonmusk
57,2022-05-17 07:35:28+00:00,1526466413824720896,@Andst7 @paraga Seems like Twitter should welcome external validation if their claims are true,elonmusk
58,2022-05-17 07:32:19+00:00,1526465624326782976,"@Teslarati 20% fake/spam accounts, while 4 times what Twitter claims, could be *much* higher.

My offer was based on Twitter‚Äôs SEC filings being accurate.

Yesterday, Twitter‚Äôs CEO publicly refused to show proof of &lt;5%.

This deal cannot move forward until he does.",elonmusk
59,2022-05-17 06:56:17+00:00,1526456556539322368,"@paul_griffiths This transcription isn‚Äôt precise, but gets the gist of it",elonmusk
60,2022-05-16 23:45:55+00:00,1526348250290216969,@BillyM2k ü§£,elonmusk
61,2022-05-16 23:44:02+00:00,1526347774983393282,@BillyM2k @jarokrolewski üíØ,elonmusk
62,2022-05-16 23:26:08+00:00,1526343269709402113,@jarokrolewski Just a scratch really,elonmusk
63,2022-05-16 22:13:10+00:00,1526324906832568325,@slashdot !,elonmusk
64,2022-05-16 20:26:52+00:00,1526298156501241857,@S0meW0rri3s @BillyM2k @paraga @Dilbert_Daily ü§£,elonmusk
65,2022-05-16 18:08:35+00:00,1526263356088274944,@Andst7 @paraga üëç,elonmusk
66,2022-05-16 17:17:24+00:00,1526250477456965634,@paraga So how do advertisers know what they‚Äôre getting for their money? This is fundamental to the financial health of Twitter.,elonmusk
67,2022-05-16 17:03:11+00:00,1526246899606601730,@paraga üí©,elonmusk
68,2022-05-16 17:02:06+00:00,1526246627685572610,@paraga Have you tried just calling them?,elonmusk
69,2022-05-16 15:47:28+00:00,1526227844078215170,@BillyM2k Billy is the best,elonmusk
70,2022-05-16 15:27:20+00:00,1526222775555436545,@alanagoodman I wonder who funds them,elonmusk
71,2022-05-16 15:13:49+00:00,1526219375514091520,"@SPKolten @heyitsyashu I don‚Äôt have much choice. Provided they don‚Äôt explicitly say that I endorse something, there is no legal recourse.",elonmusk
72,2022-05-16 15:11:49+00:00,1526218871811760129,@jokowi It was an honor to meet at Starbase and discuss exciting future projects!,elonmusk
73,2022-05-16 15:06:26+00:00,1526217516292489216,@heyitsyashu I hope it‚Äôs a good product!,elonmusk
74,2022-05-15 23:55:19+00:00,1525988228041416706,"@historydefined Tragically, it wasn‚Äôt even oil from a snake!",elonmusk
75,2022-05-15 19:12:46+00:00,1525917120680316928,@verge üî•,elonmusk
76,2022-05-15 16:29:08+00:00,1525875940248764416,@TomFitton @netflix @Twitter @WSJ Good move by @netflix,elonmusk
77,2022-05-15 16:27:38+00:00,1525875564032270336,"@teslaownersSV No, I interact with interesting comments that I see too, even if made by people I don‚Äôt follow",elonmusk
78,2022-05-15 08:34:18+00:00,1525756445798674432,@BillyM2k I‚Äôm a bot &amp; so‚Äôs my wife,elonmusk
79,2022-05-15 07:44:44+00:00,1525743972051738627,"@ZacksJerryRig Wow, you must be Sherlock f* Holmes.

I‚Äôm joking.",elonmusk
80,2022-05-15 07:32:45+00:00,1525740958112964608,"@reckless Tried TikTok, but it‚Äôs not winding my ‚è∞",elonmusk
81,2022-05-15 07:28:05+00:00,1525739780323016704,Not to mention potential bugs in the code. Open source is the way to go to solve both trust and efficacy.,elonmusk
82,2022-05-15 07:23:13+00:00,1525738556102164480,"I‚Äôm not suggesting malice in the algorithm, but rather that it‚Äôs trying to guess what you might want to read and, in doing so, inadvertently manipulate/amplify your viewpoints without you realizing this is happening",elonmusk
83,2022-05-15 07:10:04+00:00,1525735249224863744,@StrivenB @BLKMDL3 @PPathole That‚Äôs a deep cut (sigh),elonmusk
84,2022-05-15 06:44:57+00:00,1525728925577519105,"@MODL3PILOT @coffeetabletsla @PPathole @Twitter Yes, that would have a big impact!",elonmusk
85,2022-05-15 06:41:51+00:00,1525728148079378432,"@coffeetabletsla @PPathole @Twitter With usernames like that, the bots aren‚Äôt even trying hard!",elonmusk
86,2022-05-15 06:39:05+00:00,1525727450872926209,"@BLKMDL3 @PPathole There is some chance it might be over 90% of daily active users, which is the metric that matters to advertisers.

Very odd that the most popular tweets of all time were only liked by ~2% of daily active users.",elonmusk
87,2022-05-15 06:23:25+00:00,1525723506805288962,@PPathole Exactly. I have yet to see *any* analysis that has fake/spam/duplicates at &lt;5%.,elonmusk
88,2022-05-15 04:56:38+00:00,1525701669119459328,@mtaibbi Shame on @WSJ for shoddy reporting!,elonmusk
89,2022-05-15 04:48:23+00:00,1525699590544056331,@SnoopDogg üî•üî•,elonmusk
90,2022-05-15 02:30:38+00:00,1525664924432846848,"Iconic
laconic
!platonic",elonmusk
91,2022-05-15 01:34:47+00:00,1525650872763555847,Incredible art,elonmusk
92,2022-05-15 01:32:28+00:00,1525650288560029702,Great shoes,elonmusk
93,2022-05-15 00:45:18+00:00,1525638419958972419,Borderline too sexy https://t.co/2ShbhQKilz,elonmusk
94,2022-05-15 00:22:20+00:00,1525632639151099906,"Sooo tasty at first, but then no more golden eggs ‚Ä¶",elonmusk
95,2022-05-15 00:19:19+00:00,1525631880279822337,The Golden State is cooking its golden geese,elonmusk
96,2022-05-15 00:11:44+00:00,1525629972718702593,@mtaibbi üßê,elonmusk
97,2022-05-15 00:09:07+00:00,1525629310366793728,@F9Block5 Yes,elonmusk
98,2022-05-14 23:55:42+00:00,1525625936007372802,The Lawyers Who Ate California https://t.co/i4PCxc5RBH,elonmusk
99,2022-05-14 23:18:15+00:00,1525616509325922305,@nichegamer Just another day in Elden Ring!,elonmusk
100,2022-05-14 23:15:37+00:00,1525615849167589380,"@PPathole @Twitter Twitter legal just called to complain that I violated their NDA by revealing the bot check sample size is 100!

This actually happened.",elonmusk
101,2022-05-14 23:08:17+00:00,1525614005045313536,(This message brought to you by the Illuminaughty),elonmusk
102,2022-05-14 23:04:15+00:00,1525612988115320838,"Very important to fix your Twitter feed:

1. Tap home button.
2. Tap stars on upper right of screen.
3. Select ‚ÄúLatest tweets‚Äù.

You are being manipulated by the algorithm in ways you don‚Äôt realize.

Easy to switch back &amp; forth to see the difference.",elonmusk
103,2022-05-14 20:53:41+00:00,1525580131246321664,@TimRunsHisMouth ü§£üéØ,elonmusk
104,2022-05-14 18:57:18+00:00,1525550841112850433,"@DBurkland Team is working the weekend to get 10.12 in limited release tomorrow. Then we evaluate, do a point update, and broaden the release. 10.12.2 is probably where we can expand to a safety score of 95+.",elonmusk
105,2022-05-14 18:54:19+00:00,1525550091586506752,"At least, that‚Äôs what the lib hivemind thinks haha",elonmusk
106,2022-05-14 18:52:07+00:00,1525549535786717184,Whoever thought owning the libs would be cheap never tried to acquire a social media company!,elonmusk
107,2022-05-14 02:41:00+00:00,1525305145239781377,The bots are angry at being counted ü§£,elonmusk
108,2022-05-14 02:39:22+00:00,1525304736538312707,"@PPathole @Twitter Any sensible random sampling process is fine. If many people independently get similar results for % of fake/spam/duplicate accounts, that will be telling.

I picked 100 as the sample size number, because that is what Twitter uses to calculate &lt;5% fake/spam/duplicate.",elonmusk
109,2022-05-14 02:11:18+00:00,1525297674789920768,@fintwit_news @Twitter I relied upon the accuracy of Twitter‚Äôs public filings,elonmusk
110,2022-05-14 02:09:10+00:00,1525297137671540736,@stevenmarkryan @teslaownersSV @Twitter Interesting,elonmusk
111,2022-05-14 02:01:09+00:00,1525295117489229824,"@teslaownersSV @Twitter If we collectively try to figure out the bot/duplicate user percentage, we can probably crowdsource a good answer",elonmusk
112,2022-05-14 01:53:09+00:00,1525293103585718272,"@teslaownersSV @Twitter Ignore first 1000 followers, then pick every 10th. I‚Äôm open to better ideas.",elonmusk
113,2022-05-14 01:50:50+00:00,1525292522091601920,@coffeetabletsla @Twitter Pick any account with a lot of followers,elonmusk
114,2022-05-14 01:47:07+00:00,1525291586669531137,"To find out, my team will do a random sample of 100 followers of @twitter. 

I invite others to repeat the same process and see what they discover ‚Ä¶",elonmusk
115,2022-05-14 00:46:21+00:00,1525276295021486080,"@BillyM2k The axiomatic error was that housing prices only go up. I don‚Äôt support predatory lending, but many of those lenders were severely wounded or didn‚Äôt survive. 

They dug their own graves ‚Äì a lesson we should all take to heart, including me.",elonmusk
116,2022-05-13 11:50:06+00:00,1525080945274998785,Still committed to acquisition,elonmusk
117,2022-05-13 09:44:38+00:00,1525049369552048129,"Twitter deal temporarily on hold pending details supporting calculation that spam/fake accounts do indeed represent less than 5% of users
https://t.co/Y2t0QMuuyn",elonmusk
118,2022-05-13 08:26:14+00:00,1525029640808476673,The straw war is emblematic of larger social issues,elonmusk
119,2022-05-13 08:25:03+00:00,1525029340815056897,"@Gfilche @Tesla It still needs more work imo, but we can probably widen the beta a little next month",elonmusk
120,2022-05-13 04:34:47+00:00,1524971392688459778,@pmarca This is messed up,elonmusk
121,2022-05-13 03:00:53+00:00,1524947763129028608,@JeffTutorials Seriously?,elonmusk
122,2022-05-13 01:52:48+00:00,1524930630990974976,How did it even start?,elonmusk
123,2022-05-13 01:44:44+00:00,1524928598418763776,@PPathole üíØ,elonmusk
124,2022-05-13 01:32:18+00:00,1524925468381573120,@teslaownersSV And tastes like cardboard!,elonmusk
125,2022-05-13 01:31:19+00:00,1524925223027388416,The last straw was the last straw!,elonmusk
126,2022-05-13 01:29:06+00:00,1524924666942349312,Stop the war on straws! https://t.co/aHv7uvm17D,elonmusk
127,2022-05-13 00:45:42+00:00,1524913741820723213,@ScottAdamsSays @DawgGabriel But I do think that twitter should authenticate all real users and prioritize those replies above unauthenticated users,elonmusk
128,2022-05-13 00:43:02+00:00,1524913070723694597,@ScottAdamsSays @DawgGabriel The drinking bleach hoax was a hoax https://t.co/bORNLRfzSX,elonmusk
129,2022-05-13 00:38:13+00:00,1524911860037963776,Updated Starlink availability by region https://t.co/uxLqoNpr7M,elonmusk
130,2022-05-13 00:28:30+00:00,1524909413462573058,"@BillyM2k If Twitter can tell the difference between real and fake users, why does it allow these in our comments? https://t.co/0EuhTfaVfF",elonmusk
131,2022-05-13 00:22:01+00:00,1524907781819715600,@lexfridman Exactly,elonmusk
132,2022-05-12 23:14:52+00:00,1524890882700455937,"@PPathole @BillyM2k Didn‚Äôt occur to founders of USA that people would live so long, so they put in age minimums (for wisdom), but not age maximums (for ‚Ä¶ üò¥)",elonmusk
133,2022-05-12 23:06:32+00:00,1524888787624550418,@BillyM2k And also younger than 8000 years old!,elonmusk
134,2022-05-12 22:58:09+00:00,1524886675234643996,@TimRunsHisMouth ü§£ü§£ üíØ,elonmusk
135,2022-05-12 22:45:27+00:00,1524883482836623373,"Biden‚Äôs mistake is that he thinks he was elected to transform the country, but actually everyone just wanted less drama",elonmusk
136,2022-05-12 22:36:38+00:00,1524881263470993435,"Even though I think a less divisive candidate would be better in 2024, I still think Trump should be restored to Twitter",elonmusk
137,2022-05-12 22:21:34+00:00,1524877470343766017,Don‚Äôt Diss Information,elonmusk
138,2022-05-12 21:50:07+00:00,1524869557185351680,@mazemoore Disconcerting ‚Ä¶,elonmusk
139,2022-05-12 21:10:43+00:00,1524859641821380626,@BillyM2k It has potential as a currency,elonmusk
140,2022-05-12 20:18:45+00:00,1524846562974875655,@slashdot Overzealous DMCA is a plague on humanity,elonmusk
141,2022-05-12 20:16:58+00:00,1524846115870363675,@slashdot Current copyright law in general goes absurdly far beyond protecting the original creator,elonmusk
142,2022-05-12 16:27:57+00:00,1524788481477816324,"@waitbutwhy The whole notion of being ‚Äúleft wing‚Äù or ‚Äúright wing‚Äù is silly. 

Almost no one initially agrees with the semi-random collection of policies associated with each wing.

They only support those policies *after* they join the left or right mind tribe.",elonmusk
143,2022-05-12 16:10:28+00:00,1524784078439989251,@waitbutwhy Great thread,elonmusk
144,2022-05-12 01:39:39+00:00,1524564933329006600,@jack Yeah,elonmusk
145,2022-05-12 00:25:30+00:00,1524546271964504066,Tap on the stars in upper right of screen to revert to chronological,elonmusk
146,2022-05-12 00:24:46+00:00,1524546085590646786,Chronological tweets seem much better than what ‚Äúthe algorithm‚Äù suggests,elonmusk
147,2022-05-11 19:34:04+00:00,1524472930469650434,@stevenmarkryan Literally true. Even 100x is possible.,elonmusk
148,2022-05-11 19:32:21+00:00,1524472498074628097,"@WholeMarsBlog Without billions of miles of training data, solving self-driving is impossible",elonmusk
149,2022-05-11 19:24:56+00:00,1524470633349922822,https://t.co/CWWDdur0oz,elonmusk
150,2022-05-11 19:01:50+00:00,1524464817049935873,@henrylmcnamara ü§£,elonmusk
151,2022-05-11 02:39:49+00:00,1524217684803690496,@WholeMarsBlog @akidesir Release notes on this version will be long,elonmusk
152,2022-05-11 02:18:05+00:00,1524212214206550017,@akidesir Probably this weekend. Lot of code updates means much is discovered during testing.,elonmusk
153,2022-05-11 01:00:15+00:00,1524192627364708355,@BillyM2k Exactly,elonmusk
154,2022-05-11 00:56:54+00:00,1524191785760788480,"Starlink has resisted Russian cyberwar jamming &amp; hacking attempts so far, but they‚Äôre ramping up their efforts https://t.co/w62yCsDA5w",elonmusk
155,2022-05-10 19:01:50+00:00,1524102428676796417,@bennyjohnson Important to listen to my full explanation,elonmusk
156,2022-05-10 18:43:16+00:00,1524097756561879041,@BillyM2k @BNONews Haha üíØ,elonmusk
157,2022-05-10 16:19:46+00:00,1524061645881978881,@BillyM2k ü§£,elonmusk
158,2022-05-10 16:06:33+00:00,1524058319698153474,@Tesmanian_com The Tesla China team is amazing,elonmusk
159,2022-05-09 22:55:39+00:00,1523798885205876736,@ThierryBreton Great meeting! We are very much on the same page.,elonmusk
160,2022-05-09 20:28:58+00:00,1523761969291218944,@RationalEtienne @HindenburgRes You might be right,elonmusk
161,2022-05-09 18:55:11+00:00,1523738368101666816,"@kangaro0_ @historydefined Int/Dex build, so mostly mage with some weapon skills. Shield in left hand, staff in right with rapier &amp; claws fast switch. 

Change armor from heavy to medium for fast roll or tank. 

Move talismans around a lot.

Many small hits in a row to damage stack is important.

Summon!",elonmusk
162,2022-05-09 17:29:48+00:00,1523716880028303360,@waitbutwhy And we‚Äôre all descended from a skinny shrew! Meet your grandparents^n: https://t.co/kiMiwStcJa,elonmusk
163,2022-05-09 17:18:02+00:00,1523713919704911874,"@NiaRnaM1 @WholeMarsBlog @HIDEO_KOJIMA_EN Dead Space 2, FEAR 2 and Bioshock are great",elonmusk
164,2022-05-09 17:12:59+00:00,1523712647480639488,"@historydefined It is amazing. I visited in 2007 and also saw the Taj Mahal, which truly is a wonder of the world.",elonmusk
165,2022-05-09 16:07:03+00:00,1523696057133133824,@HIDEO_KOJIMA_EN Video games are scarier than any horror movie by far,elonmusk
166,2022-05-09 15:58:46+00:00,1523693971842957312,@HindenburgRes Interesting. Don‚Äôt forget to look on the bright side of life sometimes!,elonmusk
167,2022-05-09 14:06:15+00:00,1523665654704144386,@historydefined Elden Ring vibes,elonmusk
168,2022-05-09 13:35:52+00:00,1523658010241155073,Chocolate milk is insanely good. Just had some.,elonmusk
169,2022-05-09 13:28:31+00:00,1523656160699502593,@Muskstaycalm I‚Äôd like to meet this guy (if he is real). Hard to tell with deepfakes these days.,elonmusk
170,2022-05-09 13:20:21+00:00,1523654106745020418,"@Cernovich Like I said, my preference is to hew close to the laws of countries in which Twitter operates. If the citizens want something banned, then pass a law to do so, otherwise it should be allowed.",elonmusk
171,2022-05-09 13:17:40+00:00,1523653429410770945,@Cernovich Twitter obv has a strong left wing bias,elonmusk
172,2022-05-09 11:35:33+00:00,1523627730235195394,@MrBeast Ok,elonmusk
173,2022-05-09 11:13:59+00:00,1523622304592187392,There are no angels in war,elonmusk
174,2022-05-09 11:02:28+00:00,1523619407578427394,"@historydefined Not be a buzzkill on this issue, but Venice itself is slowly dying due to very low birth rates",elonmusk
175,2022-05-09 10:57:05+00:00,1523618052247789568,"@Almisehal Thank you for the blessing, but I‚Äôm ok with going to hell, if that is indeed my destination, since the vast majority of all humans ever born will be there.",elonmusk
176,2022-05-09 10:50:51+00:00,1523616481983881216,@historydefined R2-D2 vibes,elonmusk
177,2022-05-09 10:46:01+00:00,1523615265363091457,@WorldAndScience That won‚Äôt be needed https://t.co/WF9AGgee12,elonmusk
178,2022-05-09 03:36:09+00:00,1523507087933906946,"@nichegamer Seriously, how tough are you really if can‚Äôt even handle 280 chars of criticism!?",elonmusk
179,2022-05-09 02:17:30+00:00,1523487295789166592,@mayemusk Sorry! I will do my best to stay alive.,elonmusk
180,2022-05-09 00:51:26+00:00,1523465632502906880,"If I die under mysterious circumstances, it‚Äôs been nice knowin ya",elonmusk
181,2022-05-09 00:45:05+00:00,1523464037048020992,The word ‚ÄúNazi‚Äù doesn‚Äôt mean what he seems to think it does https://t.co/pk9SQhBOsG,elonmusk
182,2022-05-09 00:40:57+00:00,1523462998081572864,.@Rogozin sent this to Russian media https://t.co/eMI08NnSby,elonmusk
183,2022-05-09 00:27:37+00:00,1523459640977428480,@DrEliDavid ü§£,elonmusk
184,2022-05-08 16:46:02+00:00,1523343480436977665,@mayemusk @ToscaMusk Happy Mother‚Äôs Day!,elonmusk
185,2022-05-08 16:42:01+00:00,1523342469198495746,@hiromichimizuno @SawyerMerritt Correct,elonmusk
186,2022-05-07 21:05:01+00:00,1523046265097158656,"@SawyerMerritt Yes! Stop the outrageous false ESG assessments, where Tesla gets a bad grade, but an oil company can get a good grade. Total gaming of the system!",elonmusk
187,2022-05-07 21:02:09+00:00,1523045544536723456,"@WholeMarsBlog At risk of stating the obvious, unless something changes to cause the birth rate to exceed the death rate, Japan will eventually cease to exist. This would be a great loss for the world.",elonmusk
188,2022-05-07 16:57:16+00:00,1522983920341594112,@lexfridman How to find secret doors in Elden Ring,elonmusk
189,2022-05-07 12:37:25+00:00,1522918526520070144,"Also, work ethic expectations would be extreme, but much less than I demand of myself",elonmusk
190,2022-05-07 11:47:14+00:00,1522905896040423425,@DavidSacks Sage advice in this thread ‚Ä¶,elonmusk
191,2022-05-06 20:15:44+00:00,1522671477434159104,@BillyM2k !!,elonmusk
192,2022-05-06 20:14:25+00:00,1522671143840215040,@waitbutwhy It just keeps happening,elonmusk
193,2022-05-06 20:07:25+00:00,1522669381435596800,@BillyM2k Like thrust on a üöÄ!,elonmusk
194,2022-05-06 20:05:57+00:00,1522669016023666688,"@WholeMarsBlog Next release (10.12) is another step towards all NN‚Äôs using surround video &amp; reconciling output to a unified vector space for control code.

Improves complex intersections in heavy traffic.

Many upgrades to core code, so taking longer to debug issues. Probably Wed/Thurs release.",elonmusk
195,2022-05-06 18:01:44+00:00,1522637752600129536,@Reuters Copycats!,elonmusk
196,2022-05-06 17:49:14+00:00,1522634608340201472,@Teslarati @KlenderJoey This will trend to well over 10 times safer,elonmusk
197,2022-05-06 16:10:46+00:00,1522609829553971200,"I strongly believe that all managers in a technical area must be technically excellent. 

Managers in software must write great software or it‚Äôs like being a cavalry captain who can‚Äôt ride a horse!",elonmusk
198,2022-05-06 15:47:54+00:00,1522604074146799617,@skorusARK We must be doing something right!,elonmusk
199,2022-05-06 15:45:23+00:00,1522603442644021248,@kevinmitnick Haha,elonmusk
200,2022-05-06 15:33:10+00:00,1522600366474358786,Another Starlink mission completed https://t.co/8ZUeQtTegE,elonmusk
201,2022-05-06 15:27:52+00:00,1522599034132647936,@BillyM2k ü§£,elonmusk
202,2022-05-06 15:26:18+00:00,1522598637066358789,"@mayemusk This rumor originated from a parody account, but got picked up by real media &amp; twitter trends (sigh)",elonmusk
203,2022-05-06 15:21:36+00:00,1522597456130674689,@its_menieb So much to be done on layout. Every single pixel matters. Hard problem.,elonmusk
204,2022-05-06 15:14:54+00:00,1522595770288906242,"If Twitter acquisition completes, company will be super focused on hardcore software engineering, design, infosec &amp; server hardware https://t.co/m2HseK0TXl",elonmusk
205,2022-05-06 15:03:55+00:00,1522593007211466753,@WholeMarsBlog I‚Äôm a big believer in citizen journalism and following individual journalists over publications!,elonmusk
206,2022-05-06 15:02:02+00:00,1522592531208282113,"@nypost This is false. I‚Äôve had no communication, directly or indirectly, with Trump, who has publicly stated that he will be exclusively on Truth Social.",elonmusk
207,2022-05-06 14:39:28+00:00,1522586852514967553,@mayemusk @newypost I didn‚Äôt ask anyone out or request particular seating,elonmusk
208,2022-05-04 23:41:50+00:00,1521998567757426688,"@bevedoni If that‚Äôs true, it would make me very happy!",elonmusk
209,2022-05-04 22:06:58+00:00,1521974692667527168,"@CathieDWood Passive/index investment is simply an amplifier of active investment. If active investment signal degrades in quality, passive is proportionately impacted.

Also, if there are very few actual active investors, their decisions can greatly increase company valuation volatility.",elonmusk
210,2022-05-04 20:32:01+00:00,1521950798745194496,Interesting. I wonder if those funding these organizations are fully aware of what the organizations are doing. https://t.co/YzVZIvF68E,elonmusk
211,2022-05-04 11:03:33+00:00,1521807738317066240,I dunno ‚Ä¶ seems kinda fungible,elonmusk
212,2022-05-04 08:32:54+00:00,1521769827878113283,@slashdot Slashdot has some of the best comments,elonmusk
213,2022-05-04 06:32:30+00:00,1521739526200172544,@teslaownersSV @kimbal And that‚Äôs why I‚Äôm not in show biz,elonmusk
214,2022-05-04 06:12:02+00:00,1521734378442788865,@gunsnrosesgirl3 Awareness awakening,elonmusk
215,2022-05-04 03:18:14+00:00,1521690639938727936,@jgebbia Some revenue is better than none!,elonmusk
216,2022-05-04 02:47:39+00:00,1521682942061207552,@BillyM2k @waitbutwhy You guys are awesome ü§©,elonmusk
217,2022-05-04 00:33:17+00:00,1521649128752615426,@BillyM2k ü§£,elonmusk
218,2022-05-03 23:19:37+00:00,1521630589710872576,"Twitter will always be free for casual users, but maybe a slight cost for commercial/government users",elonmusk
219,2022-05-03 22:21:39+00:00,1521615998914232320,@waitbutwhy Accurate,elonmusk
220,2022-05-03 22:01:26+00:00,1521610914981564417,@DogecoinNorway @OpenSociety @georgesoros @malloch_brown ü§£,elonmusk
221,2022-05-03 21:58:28+00:00,1521610165652365313,@OpenSociety @georgesoros @malloch_brown Here‚Äôs hopingü§û,elonmusk
222,2022-05-03 21:55:15+00:00,1521609357326053376,"@OpenSociety @georgesoros @malloch_brown George, please slide into my DMs!",elonmusk
223,2022-05-03 21:41:43+00:00,1521605949521203200,@PrabChats I will call him and ask,elonmusk
224,2022-05-03 20:00:53+00:00,1521580576297398274,"Ultimately, the downfall of the Freemasons was giving away their stonecutting services for nothing",elonmusk
225,2022-05-03 19:35:33+00:00,1521574200183566338,Sunlight is the best disinfectant,elonmusk
226,2022-05-03 19:34:55+00:00,1521574041814978562,"Who funds these organizations that want to control your access to information? Let‚Äôs investigate ‚Ä¶
https://t.co/dBFsGjOMC8",elonmusk
227,2022-05-03 18:26:23+00:00,1521556795965071361,"@PPathole @daelmor Yeah, we paid for rent by turning the house into a nightclub &amp; charging $5",elonmusk
228,2022-05-03 17:33:50+00:00,1521543567943950336,@slashdot Literally 10 times higher than it should be,elonmusk
229,2022-05-03 17:13:36+00:00,1521538477061328901,"@squawksquare Also, as mentioned before, we will try to keep as many shareholders as legally possible in privately held Twitter!",elonmusk
230,2022-05-03 17:11:46+00:00,1521538016417787905,@slashdot Apple‚Äôs store is like having a 30% tax on the Internet. Definitely not ok.,elonmusk
231,2022-05-03 17:06:44+00:00,1521536750161567745,@dogecoin_empire I was going full Looney Tunes haha,elonmusk
232,2022-05-03 16:59:52+00:00,1521535023022702592,"@teslaownersSV @28delayslater Tesla is now over 110k direct jobs and roughly 500k indirect, factoring in suppliers",elonmusk
233,2022-05-03 16:54:03+00:00,1521533556056494088,@28delayslater Talked to an NPC with aggro==255,elonmusk
234,2022-05-03 16:32:15+00:00,1521528071987220480,@teslaownersSV @heydave7 No,elonmusk
235,2022-05-03 16:28:40+00:00,1521527168731279360,"@heydave7 Starlink is awesome for RV‚Äôs, camping or any activity away from cities",elonmusk
236,2022-05-03 16:18:24+00:00,1521524585090277379,"@WholeMarsBlog That is why we must clear out bots, spam &amp; scams. Is something actually public opinion or just someone operating 100k fake accounts? Right now, you can‚Äôt tell.

And algorithms must be open source, with any human intervention clearly identified.

Then, trust will be deserved.",elonmusk
237,2022-05-03 16:14:07+00:00,1521523506512470018,@WholeMarsBlog There is so much potential with Twitter to be the most trusted &amp; broadly inclusive forum in the world!,elonmusk
238,2022-05-03 15:52:21+00:00,1521518029598695425,@PPathole ü§£,elonmusk
239,2022-05-03 15:50:28+00:00,1521517555084525568,"@daelmor Yeah, kids starting with lots of money usually have much less motivation than those who have nothing. 

When we started our first company (Zip2) in 95, I had over $100k of student debt, a computer I built myself and a few thousand dollars.",elonmusk
240,2022-05-03 15:39:55+00:00,1521514899364483073,"@Kristennetten They will say anything to shift support away from me. Think of it as information war, not normal dialogue.",elonmusk
241,2022-05-03 14:35:26+00:00,1521498672437071874,@stats_feed Time to make life multiplanetary,elonmusk
242,2022-05-03 14:29:15+00:00,1521497118854328320,@BillyM2k @CoinDesk @SECGov @jackschickler Or twitter,elonmusk
243,2022-05-03 06:03:46+00:00,1521369906868113410,@BillyM2k @cb_doge Can only read one side. Looks like ‚Äúax the itch‚Äù?,elonmusk
244,2022-05-03 05:33:04+00:00,1521362182918782978,@cb_doge Making funny faces at the Met,elonmusk
245,2022-05-03 04:18:49+00:00,1521343496011059200,@Kristennetten @etnow ü§£,elonmusk
246,2022-05-03 03:36:28+00:00,1521332839119310848,@catturd2 I saw you trending as twitter ceo ü§£,elonmusk
247,2022-05-03 03:31:03+00:00,1521331477509808128,@BillyM2k ü§£,elonmusk
248,2022-05-02 19:47:33+00:00,1521214834355970048,"@RationalEtienne @tomselliott @mehdirhasan Hey, why are they already writing my suicide story!?",elonmusk
249,2022-05-02 19:00:20+00:00,1521202951230046210,As I was saying ‚Ä¶ https://t.co/tsGz6fCWuW,elonmusk
250,2022-05-02 18:53:29+00:00,1521201226834137088,@RenataKonkoly @ggreenwald Haha üíØ,elonmusk
251,2022-05-02 18:48:23+00:00,1521199942626381826,@RenataKonkoly @ggreenwald All‚Äôs well that‚Äôs Orwell,elonmusk
252,2022-05-02 18:31:09+00:00,1521195604596113408,@ggreenwald ü§£ü§£ https://t.co/56Rr6dWxLL,elonmusk
253,2022-05-02 18:12:19+00:00,1521190864592293891,"the elusive beauty of imperfection

‰æòÂØÇ",elonmusk
254,2022-05-02 18:07:27+00:00,1521189640312664065,@PPathole @kr0mb0pul0smike @RationalEtienne @tomselliott @mehdirhasan That is exactly the question,elonmusk
255,2022-05-02 17:58:59+00:00,1521187508645773312,"@kr0mb0pul0smike @RationalEtienne @tomselliott @mehdirhasan That‚Äôs a Vanity Fair party and she photobombed me in the background, but you know that already, don‚Äôt know?",elonmusk
256,2022-05-02 17:55:25+00:00,1521186612457132034,@RationalEtienne @tomselliott @mehdirhasan Where is their ‚Äúclient‚Äù list? Shouldn‚Äôt at least one of them go down!?,elonmusk
257,2022-05-02 17:42:45+00:00,1521183425914417158,"@tomselliott @mehdirhasan Same org that covered up Hunter Biden laptop story, had Harvey Weinstein story early &amp; killed it &amp; built Matt Lauer his rape office. Lovely people.",elonmusk
258,2022-05-02 17:36:17+00:00,1521181798067224578,@tomselliott @mehdirhasan NBC basically saying Republicans are Nazis ‚Ä¶,elonmusk
259,2022-05-02 16:04:34+00:00,1521158715193315328,@GerberKawasaki Will do our best,elonmusk
260,2022-05-02 07:34:16+00:00,1521030293922238464,@engineers_feed Sphincter valve?,elonmusk
261,2022-05-02 07:23:35+00:00,1521027606128349185,@pmarca I wonder what the world be like if Ludendorff hadn‚Äôt sent Lenin a train,elonmusk
262,2022-05-02 03:05:26+00:00,1520962641308823552,"@WorldAndScience Not true. Overwhelmingly, the world will choose batteries.",elonmusk
263,2022-05-02 02:37:23+00:00,1520955581602934785,@pmarca Sell Shadow Crew merch to buy Twitter?,elonmusk
264,2022-05-02 02:11:56+00:00,1520949176103620608,"@pmarca My Shadrow Crew is sickkk!
Also, who are they again?",elonmusk
265,2022-05-02 01:40:00+00:00,1520941142501646339,@antoniogm ü§£,elonmusk
266,2022-05-02 01:12:50+00:00,1520934305274421250,"@waitbutwhy By mass, Earth is composed of ~32% Iron. Next most common element by mass is oxygen at ~30%, but only a small portion of that is in the atmosphere.",elonmusk
267,2022-05-01 17:22:45+00:00,1520816005999697920,"@Rainmaker1973 An amazing example of what implanted electrodes can do, even when there are only a few large wires",elonmusk
268,2022-05-01 06:51:38+00:00,1520657179908448258,@pmarca Haha he says ‚ÄúBitcoin‚Äù so many times,elonmusk
269,2022-05-01 06:23:15+00:00,1520650036865949696,"Since I‚Äôve been asked a lot:

Buy stock in several companies that make products &amp; services that *you* believe in.

Only sell if you think their products &amp; services are trending worse. Don‚Äôt panic when the market does.

This will serve you well in the long-term.",elonmusk
270,2022-05-01 06:04:47+00:00,1520645386427195392,@vallioo @pmarca Munger is correct,elonmusk
271,2022-05-01 06:01:06+00:00,1520644460710834176,"@TheCaptain_Nemo @pmarca Major problem. Passive/index managers should vote in the best interests of shareholders, not shift responsibility to proxy advisory firms.",elonmusk
272,2022-05-01 05:57:03+00:00,1520643441994387456,"@pegobry @pmarca Exactly. Right before he died, Jack Bogle (of Vanguard fame) said index/passive funds were too great a percentage of the market and he really knew what he was talking about! 

There should be a shift back towards active investment. Passive has gone too far.",elonmusk
273,2022-05-01 05:34:40+00:00,1520637810146832385,"@pmarca Exactly, decisions are being made on behalf of actual shareholders that are contrary to their interests! Major problem with index/passive funds.",elonmusk
274,2022-05-01 05:26:19+00:00,1520635708976762880,@BillyM2k Not a bad idea,elonmusk
275,2022-05-01 04:46:55+00:00,1520625791750467584,@lexfridman True,elonmusk
276,2022-05-01 04:41:50+00:00,1520624512588742657,"@GovMikeHuckabee Authentication is important, but so is anonymity for many. A balance must be struck.",elonmusk
277,2022-05-01 03:19:35+00:00,1520603813492580359,@pmarca Humans,elonmusk
278,2022-05-01 02:07:10+00:00,1520585588369285120,@Cernovich No kidding ‚Ä¶,elonmusk
279,2022-04-30 22:43:31+00:00,1520534341951971328,@SNICKERS Phew,elonmusk
280,2022-04-30 05:09:40+00:00,1520269132062625793,@pmarca I‚Äôve talked to many more people who were helped by psychedelics &amp; ketamine than SSRIs &amp; amphetamines,elonmusk
281,2022-04-30 02:36:58+00:00,1520230701399830529,"@pmarca Drugs, alcohol especially, have played a major role throughout history https://t.co/pV2UcLqCh8",elonmusk
282,2022-04-30 02:03:44+00:00,1520222336703598593,@PPathole @pmarca A friend just emailed me about her bad Ritalin experience. Best to be cautious with all neurotransmitter drugs.,elonmusk
283,2022-04-30 01:47:28+00:00,1520218243922751488,"@PPathole @pmarca I have not heard bad things about Ritalin, which is not good to say it‚Äôs good, just haven‚Äôt heard bad things about it",elonmusk
284,2022-04-30 01:19:21+00:00,1520211168979259393,"@pmarca Wellbutrin is way worse than Adderall imo. It should be taken off the market. 

Every time that drug has come up in conversation, someone at the table has a suicide or near suicide story.",elonmusk
285,2022-04-30 00:04:28+00:00,1520192322511724544,@WilliamShatner You will always be my Captain,elonmusk
286,2022-04-29 23:13:45+00:00,1520179558665887744,@pmarca Adderall is an anger amplifier. Avoid at all costs.,elonmusk
287,2022-04-29 22:13:18+00:00,1520164347145863169,"@waitbutwhy Antarctica, which is a massive continent, only had a human settlement ~127 years ago",elonmusk
288,2022-04-29 22:09:26+00:00,1520163374222479360,@waitbutwhy True,elonmusk
289,2022-04-29 21:51:33+00:00,1520158873637765120,@BillyM2k @waitbutwhy ü§£,elonmusk
290,2022-04-29 21:27:46+00:00,1520152887090892800,"@AOC Stop hitting on me, I‚Äôm really shy ‚ò∫Ô∏è",elonmusk
291,2022-04-29 18:55:06+00:00,1520114467304099842,"@TeslaOwnersEBay @GailAlfarATX @Tesla @EvaFoxU @Proxima06_Aiai @DBurkland @lewins_ian @Lstad78 @1stMarsColonist @JosephVVallace @dubbleotrippleo No, I meant wide release to high safety score beta participants. Going to all beta participants is expected later this year.",elonmusk
292,2022-04-29 17:41:34+00:00,1520095963595132928,@teslaownersSV @28delayslater Update probably goes to wide release next week. This is a big one.,elonmusk
293,2022-04-29 17:33:38+00:00,1520093967060287489,@28delayslater True haha,elonmusk
294,2022-04-29 12:50:33+00:00,1520022726035058689,@WholeMarsBlog The people of Twitter strongly agree that Twitter needs to be fixed,elonmusk
295,2022-04-29 12:44:05+00:00,1520021098934554624,"But I‚Äôm no fan of the far right either. 

Let‚Äôs have less hate and more love.",elonmusk
296,2022-04-29 12:28:10+00:00,1520017094007476224,"The far left hates everyone, themselves included!",elonmusk
297,2022-04-29 12:26:58+00:00,1520016791682134019,@pmarca ü§£,elonmusk
298,2022-04-29 12:24:43+00:00,1520016227242065920,@TomFitton @Twitter This is messed up,elonmusk
299,2022-04-29 12:23:16+00:00,1520015859162488835,"@WholeMarsBlog I try not to pick fights, but I do finish them",elonmusk
300,2022-04-29 12:14:27+00:00,1520013642359574528,"@Cbiggs90 @Tesla @Teslarati @JaneidyEve The car knows that something is there, just doesn‚Äôt know that they‚Äôre horses yet, but it will. Dogs, cats and many other animals will also be recognized.",elonmusk
